Slug,Company,Owner,Draft URL,Original Site,Phone,Email,Address,Verify notes
albertandflaherty,Albert & Flaherty Ltd,Ben,https://lemonelly.com/draft/albertandflaherty,http://www.roofermerthyrtydfil.co.uk/,01685 709116 / 07970 898 150,sharon.albert@albertandflaherty.co.uk,"Rowan House, Christopher Terrace, Merthyr Tydfil, CF47 0UE",decoded from Cloudflare obfuscation — verify before outreach · sister domain lists CITB/CHAS/Guild of Master Craftsmen/IiP — unclear if these apply to the roofing arm; NOT claimed on draft · meta-description phone (01685 848 205) differs from contact-page phone — draft uses the contact-page number
alpineroofinghalifax,Alpine Roofing & Maintenance Ltd,Ben,https://lemonelly.com/draft/alpineroofinghalifax,http://www.alpineroofing.co.uk/,01422 346464 — mobile 07977 221493,sales@alpineroofing.co.uk,"Bailey Hall Business Park, Halifax, HX3 9XJ",
alroofingleeds,A & L Roofing Leeds Ltd,Ben,https://lemonelly.com/draft/alroofingleeds,https://www.alroofingleeds.co.uk/,0113 2644 705 — mobile 07514 555 808,info@alroofingleeds.com,not published on site,com not .co.uk; resolved from a Cloudflare-obfuscated mailto on about-us.html . Verify before outreach if possible
andrewwrightroofing,Andrew Wright Roofing & Access Platform Hire Ltd,Ben,https://lemonelly.com/draft/andrewwrightroofing,http://www.andrewwrightroofing.com/,01981 550524 / 07710 945552,info@andrewwrightroofing.com,"Garden House, Chapel Lane, Dorstone, Herefordshire, HR3 6AP",Cloudflare-obfuscated — verify before outreach
ashmark,Ashmark Roofing,Veronica,https://lemonelly.com/draft/ashmark,https://ashmarkroofing.co.uk/,Office 020 8882 8812 / Mobile 07866 467 674,sales@ashmarkroofing.co.uk,"14 Fernleigh Road, London N21 3AL (Winchmore Hill)",
borderroofers,Border Roofers Ltd,Ben,https://lemonelly.com/draft/borderroofers,http://www.borderrooferslanarkshire.co.uk/,01698 428 523 (24 hours),borderrooferslimited@gmail.com,"112 Clydesdale Avenue, Hamilton, South Lanarkshire, ML3 7SR",
bradfordroofingcontractors,Bradford Roofing Contractors Ltd,Veronica,https://lemonelly.com/draft/bradfordroofingcontractors,https://bradfordroofing.wixsite.com/website,01274 602025,info@bradford-roofing.co.uk,"2 Beamsley Road, Frizinghall, Shipley, Bradford, BD18 2DR",the bradford-roofing.co.uk domain does not resolve to a website; email only
brownroofing,Brown Roofing,Ben,https://lemonelly.com/draft/brownroofing,https://brown-roofing.co.uk,01255 862511,stuart@brown-roofing.co.uk,"Valley Barns, Golden Lane, Thorpe-le-Soken, Essex, CO16 0LE",
brunwin,Brunwin Professional Roofing Services Ltd,Ben,https://lemonelly.com/draft/brunwin,http://www.brunwinroofing.co.uk/,0208 660 6939 / Mobile 079 7354 9331,info@brunwinroofing.co.uk,"Rockfield Road, Oxted, Surrey, RH8 0HA",mobile printed with odd spacing on their site — verify digits before calling
burnbankroofing,Burnbank Roofing,Ben,https://lemonelly.com/draft/burnbankroofing,https://www.burnbankroofing.co.uk/,01292 861050 / 07414 811706,david@burnbankroofing.co.uk,"40 Annfield Glen Road, Ayr, South Ayrshire, KA7 3RT","one testimonial mentions a ""25-year guarantee job"" — job-specific, NOT presented as a blanket guarantee on the draft"
capitalroofing,Capital Roofing Co,Ben,https://lemonelly.com/draft/capitalroofing,http://www.capital-roofing.co.uk/,020 8858 5123,info@capital-roofing.co.uk,"Capital House, 193 Westcombe Hill, Blackheath, London, SE3 7BB",
cherwellroofing,Cherwell Roofing Ltd,Ben,https://lemonelly.com/draft/cherwellroofing,https://www.cherwellroofing.co.uk/,01865 370846,info@cherwellroofing.co.uk,"209 Woodstock Road, Yarnton, Oxon OX5 1PU; registered: Monkswell, Little Baldon, Oxford OX44 9PU",
colemanroofing,Coleman Roofing & Solar,Ben,https://lemonelly.com/draft/colemanroofing,http://coleman-roofing.co.uk/,07771 404669,martyn@colemanroofing.info,"Penrith, Cumbria",
coventryroofsandtrims,Coventry Roofs and Trims,Veronica,https://lemonelly.com/draft/coventryroofsandtrims,https://www.coventryroofsandtrims.co.uk/,024 7661 0400,info@coventryroofsandtrims.co.uk,not published on site,
crroofing,C R Roofing (Birmingham),Veronica,https://lemonelly.com/draft/crroofing,https://roofersandbuilders.co.uk/,0121 745 4100,info@roofersandbuilders.co.uk,"11 Twickenham Dr, Birmingham, B13 8LY (plus Solihull and Bromsgrove offices listed)","unverifiable superlative, NOT used on the draft"
danielkirbyroofing,Daniel Kirby Roofing and Building,Ben,https://lemonelly.com/draft/danielkirbyroofing,http://www.roofers-folkestone.co.uk/,01303 892705 (mobile 07916 273886),RoofersFolkestone@gmail.com,"27 The Meade, Hawkinge, Folkestone, Kent CT18 7NJ",nothing citable; do NOT reference any rating in outreach or on the draft
davidasiggery,David A Siggery Ltd,Ben,https://lemonelly.com/draft/davidasiggery,https://davidasiggery.co.uk/,01267 241314 / 07970 902769,info@davidasiggery.co.uk,"Ty Gwyn, Llansteffan, Carmarthen, SA33 5AJ (matches registered office)",
dentonroofing,Denton Roofing,Veronica,https://lemonelly.com/draft/dentonroofing,https://dentonroofing.co.uk,01285 642736,info@dentonroofing.co.uk,"Siddington Hall, Siddington, Cirencester, GL7 6HR",
djmackay,D.J. Mackay & Son Roofing Ltd,Ben,https://lemonelly.com/draft/djmackay,https://djmackayroofing.co.uk/,029 20 844088 / Freephone 0800 197 9041 / Mobile 07778 746 917,danny@djmackayroofing.co.uk,"182a Lansdowne Road, Canton, Cardiff, CF5 1JT",
djtroofingbarnstaple,DJT Roofing,Veronica,https://lemonelly.com/draft/djtroofingbarnstaple,http://www.djtroofing.com/,01271 323935 — mobile 07779 146780,djt.todd@btinternet.com,"Rowden Barn, Roundswell, Barnstaple EX31 3NP",
dksroofing,DKS Roofing Ltd,Ben,https://lemonelly.com/draft/dksroofing,https://www.dksroofingltd.co.uk/,01782 271316,office@dksroofing.co.uk,"100 Union Street, Hanley, Stoke On Trent, Staffordshire, ST1 5AS",
dsroofing,D.S. Roofing Ltd,Veronica,https://lemonelly.com/draft/dsroofing,https://www.d-sroofing.co.uk/,01387 811 153 / 07813 728 399,info@d-sroofing.co.uk,"Park Place, Netherhill, Heck, Dumfriesshire, DG11 1JD",
easternroofing,Eastern Roofing and Roofline,Ben,https://lemonelly.com/draft/easternroofing,https://www.easternroofing.co.uk/,01508 826698 (text: 07766 563513),info@easternroofing.co.uk,"Glenelg House, 7 The Ridings, Poringland NR14 7PS (also 63 Trinity Street, Norwich NR2 2BH)",
fivestarroofingleicester,Five Star Roofing Ltd,Veronica,https://lemonelly.com/draft/fivestarroofingleicester,https://www.five-star-roofing.co.uk/,0116 287 2843,fivestarroofing@sky.com,"83 Leicester Rd, Glenfield, Leicestershire, LE3 8HF",
glasgowroofing,Glasgow Roofing Contractors,Veronica,https://lemonelly.com/draft/glasgowroofing,https://www.glasgowroofing.co.uk,0141 482 7035,info@glasgowroofing.co.uk,"""Expert residential (domestic) roofers, who also work on commercial properties"" — also covers listed buildings and conservation areas",
grantallanroofing,Grant Allan Roofing and Roughcasting,Veronica,https://lemonelly.com/draft/grantallanroofing,http://www.roofingandroughcasting.com/,0132 485 1139 (landline) / 07841 640 097 (mobile),mail@roofingandroughcasting.com,"Snowhill Cottage, Falkirk, FK1 3AR","plain text in footer — NOTE the site's own mailto link is broken, href=""mailto:#"""
haffendenroofing,Haffenden Roofing,Veronica,https://lemonelly.com/draft/haffendenroofing,https://www.haffendenroofing.co.uk/,01424 892257 (office) / 01424 431035,info@haffendenroofing.co.uk,"Ninfield, East Sussex",
halifaxroofingbuilding,Halifax Roofing & Building Services,Veronica,https://lemonelly.com/draft/halifaxroofingbuilding,http://www.roofingandbuildinghalifax.co.uk/,01422 250931 — mobile 07830 051919,hxroofing@yahoo.co.uk,"6 Annes Court, Southowram, Halifax, HX3 9RS",
jdflatroofing,JD Flat Roofing,Ben,https://lemonelly.com/draft/jdflatroofing,https://jdflatroofing.com/,07889 508040,jdflatroof@gmail.com,"165 Moira Road, Lisburn, BT28 1RW",
kensmithroofing,Ken Smith Roofing Ltd,Ben,https://lemonelly.com/draft/kensmithroofing,https://kensmithroofing.co.uk,0191 622 6750,Kensmithroofing@hotmail.co.uk,"Unit 6-7 Arrow Close, Newcastle upon Tyne, NE12 6QN",
lordroofing,Lord Roofing and Grounds Works Ltd,Ben,https://lemonelly.com/draft/lordroofing,https://lordroofing.co.uk,"0191 406 1724 — the Newcastle line, used on the draft",enquiries@lordroofing.co.uk,"Unit 1B, Dean And Chapter Industrial Estate, Ferryhill, County Durham, DL17 8LH",
mahartley,MA Hartley Roofing Contractors,Veronica,https://lemonelly.com/draft/mahartley,https://www.mahartleyroofing.com/,01792 897519,info@hartleyroofing.co.uk,"Phoenix Way, Garngoch Industrial Estate, Swansea, SA4 9WF",email domain differs from website domain — hartleyroofing.co.uk vs mahartleyroofing.com; verify before send
manchesterashtonroofing,Manchester & Ashton Roofing Company,Veronica,https://lemonelly.com/draft/manchesterashtonroofing,https://www.manchesterandashton-roofing.co.uk,0161 370 6571,manchesterroofing@freeolamail.com,"1353 Ashton Old Road, Openshaw, Manchester M11 1JT",
marksbrothersroofing,Marks Brothers Roofing,Veronica,https://lemonelly.com/draft/marksbrothersroofing,https://marksbrothersroofing.co.uk,,marksbrothersroofing@hotmail.co.uk,"4 Redside Terrace, Cowley, Exeter, EX5 5ES",
mattboydroofing,Matt Boyd Roofing,Veronica,https://lemonelly.com/draft/mattboydroofing,https://mattboydroofing.co.uk,0113 217 5983,info@mattboydroofing.co.uk,"51 Eaton Hill, Cookridge, Leeds LS16 6SE",
mcdonnellpriceroofing,McDonnell-Price Roofing Contractors Ltd,Ben,https://lemonelly.com/draft/mcdonnellpriceroofing,http://www.mcdonnell-price.co.uk/,01453 825445,enquiries@mcdonnell-price.co.uk,"Unit 1, Gabwell Business Centre, Quadrant Way, Hardwicke, Gloucester, GL2 2JH",
mecontractors,M E Contractors,Veronica,https://lemonelly.com/draft/mecontractors,https://mecontractorsltd.com/,07827 013850 (direct/MD) / 01745 822649 (Abergele) / 01492 818578 (Llandudno),mecontractorsltd@gmail.com,based in Abergele & Llandudno,
mjfaint,M J Faint Ltd,Ben,https://lemonelly.com/draft/mjfaint,https://bath-roofing.co.uk/,01225 754091 / Mobile 07890 147517,mark@bath-roofing.co.uk,"Axe & Cleaver Lane, North Bradley, Trowbridge, Wiltshire, BA14 0SZ",
mjsroofing,M.J.S Roofing,Veronica,https://lemonelly.com/draft/mjsroofing,https://mjsroofing.co.uk/,01656 648578 / 07984 645209,enquiries@mjsroofing.co.uk,"Unit 3, Grove Court, North Road, Bridgend Industrial Estate, CF31 3TP",domain-matching; an AOL address is also published — draft uses the domain one
msandwithroofing,M Sandwith Roofing,Veronica,https://lemonelly.com/draft/msandwithroofing,http://roofers-cumbria.co.uk/,01900 606830 (office) / 07880 741957 (mobile),info@msandwithroofing.co.uk,"Low Seaton, Cumbria, CA14 1PX (directories: 57 Low Seaton, Seaton, Workington)",note email domain differs from website domain
newenglandroofing,New England Roofing,Veronica,https://lemonelly.com/draft/newenglandroofing,https://www.newenglandroofing.co.uk/,01746 861055,info@newenglandroofing.co.uk,"12 Witley Gardens, Highley, Bridgnorth, WV16 6NH",
ngowenroofing,N.G. Owen Roofing Ltd,Veronica,https://lemonelly.com/draft/ngowenroofing,https://www.ngowenroofing.co.uk/,01553 634700 (mobile 07786 226834),enquiries@ngowenroofing.co.uk,"King's Lynn, Norfolk",
nickhaywardroofing,Nick Hayward Roofing,Veronica,https://lemonelly.com/draft/nickhaywardroofing,http://www.nickhaywardroofing.co.uk/,01284 830 824 (mobile 07899 800 424),nickhaywardroofing@btconnect.com,"not published beyond ""Bury St Edmunds area""",
northeastrooflines,Northeast Rooflines,Ben,https://lemonelly.com/draft/northeastrooflines,https://www.northeastrooflines.com/,01429 557 329 — mobile 07511 927 883,northeast.rooflines@mail.com,"21 Lumley Square, Hartlepool, TS24 0PL",thinnest fact base of the overnight batch — draft copy kept strictly generic-honest (no invented services or specifics)
northernroofingservices,Northern Roofing Services,Veronica,https://lemonelly.com/draft/northernroofingservices,https://www.northernroofingservices.co.uk/,01228 584040 / 01387 808586,info@northernroofingservices.co.uk,"Western Ridge, Hayton, Carlisle, CA8 9HL ; registered: Suite 1, Telford House, Warwick Road, Carlisle, CA1 2BT","JS-cloaked via Joomla spam protection, decoded from HTML entities — verify before outreach"
punchpropertyrepair,Punch Property Repair,Ben,https://lemonelly.com/draft/punchpropertyrepair,https://www.punchpropertyrepair.co.uk/,0161 705 2181 (office) — mobile 07805 215874,info@punchpropertyrepair.co.uk,"17 Barwood Lea, Ramsbottom, Bury, BL0 9AX",
roofersharrogate,Ebor Roofing Contractors,Veronica,https://lemonelly.com/draft/roofersharrogate,https://www.eborroofingcontractors.co.uk,"01904 900204 (landline), 07985 402235 (mobile)",info@eborroofingcontractors.co.uk,,
roofingsevenoaks,Tunbridge Wells Roofing (Roofing Sevenoaks),Ben,https://lemonelly.com/draft/roofingsevenoaks,https://roofingsevenoaks.co.uk/,0800 056 3991,sales@tunbridgewellsroofing.co.uk,"Longfield Place, Longfield Road, Tunbridge Wells, Kent TN2 3EY",
sageroofing,Sage Roofing South West,Veronica,https://lemonelly.com/draft/sageroofing,https://www.sageroofing.com/,0117 377 8741 / Mobile 07970 122495,justin@sageroofing.com,"not published beyond ""Bristol, South West England""",
sherwoodroofing,Sherwood Roofing Ltd,Ben,https://lemonelly.com/draft/sherwoodroofing,https://sherwoodroofingltd.co.uk,"0115 795 6762 (office), 07474 007178 (mobile)",info@sherwoodroofingltd.co.uk,"37 Westminster Buildings Theatre Square, Nottingham NG1 6LG",
simonmeadwellroofing,Simon Meadwell Roofing,Ben,https://lemonelly.com/draft/simonmeadwellroofing,https://www.simonmeadwellroofing.co.uk/,0161 494 6464 — mobile 07873 431093,simon.meadwell@yahoo.co.uk,"14 Bonnyfields, Romiley, Stockport, Cheshire, SK6 3AR",
swarburtonroofing,S Warburton Roofing Services,Veronica,https://lemonelly.com/draft/swarburtonroofing,https://www.swarburtonroofingservices.co.uk/,01978 534037 (Wrexham) / 01244 960149 (freephone) / 07710 988956,info@swarburtonroofingservices.co.uk,"Mondray, Francis Road, Moss, Wrexham LL11 6EH",Cloudflare-obfuscated — verify
weaverindustrialroofing,Weaver Industrial Roofing,Ben,https://lemonelly.com/draft/weaverindustrialroofing,https://www.dudley-roofing.co.uk/,01902 677 594 — mobile 07973 483880,info@dudley-roofing.co.uk,"registered — 2 Masefield Avenue, Dudley DY1 4PB",
westernroofing,Western Roofing,Veronica,https://lemonelly.com/draft/westernroofing,http://www.westernroofinghereford.co.uk/,01432 344240 / 07970 549728 (mobile),rickowesternroof@aol.com,"31 Wyedean Rise, Belmont, Hereford, HR2 7XZ",
wolverhamptonroofing,Wolverhampton Roofing,Veronica,https://lemonelly.com/draft/wolverhamptonroofing,http://www.wolverhampton-roofing.co.uk/,,michael@wolverhampton-roofing.co.uk,"59 Tyninghame Avenue, Tettenhall, Wolverhampton, WV6 9PP",
wrexhamroofingservices,Wrexham Roofing Services,Ben,https://lemonelly.com/draft/wrexhamroofingservices,https://www.wrexhamroofingservices.co.uk/,07742 4645767 / 07507 990111,info@wrexhamroofingservices.co.uk,"Preston Road, Wrexham, LL13 9JT","verify with prospect · appears to be a genuine small operator with sister brands, not a lead-gen network (real address + 8 named testimonials)"
